{"cameraMode":{"drawMode":0,"name":"Shaded","section":"Shading Mode"},"sceneLighting":false,"audioPlay":false,"sceneViewState":{"m_AlwaysRefresh":false,"showFog":true,"showSkybox":false,"showFlares":true,"showImageEffects":true,"showParticleSystems":true,"showVisualEffectGraphs":true,"m_FxEnabled":true},"in2DMode":false,"pivot":{"x":-1.0193846225738526,"y":0.006431400775909424,"z":0.3614192306995392},"rotation":{"x":0.26115477085113528,"y":-0.5477720499038696,"z":0.18506252765655518,"w":0.772986114025116},"size":0.15292920172214509,"orthographic":false}