{"cameraMode":{"drawMode":0,"name":"Shaded","section":"Shading Mode"},"sceneLighting":false,"audioPlay":false,"sceneViewState":{"m_AlwaysRefresh":false,"showFog":true,"showSkybox":false,"showFlares":true,"showImageEffects":true,"showParticleSystems":true,"showVisualEffectGraphs":true,"m_FxEnabled":true},"in2DMode":false,"pivot":{"x":1.5994186401367188,"y":0.06998952478170395,"z":1.3902981281280518},"rotation":{"x":0.27498820424079897,"y":-0.22520174086093903,"z":0.06641843914985657,"w":0.9323436617851257},"size":0.2713167667388916,"orthographic":false}